{"ongoing_trials": {}, "hyperparameters": {"space": [{"class_name": "Int", "config": {"name": "units", "default": null, "conditions": [], "min_value": 20, "max_value": 200, "step": 10, "sampling": "linear"}}, {"class_name": "Float", "config": {"name": "dropout_1", "default": 0.1, "conditions": [], "min_value": 0.1, "max_value": 0.5, "step": 0.1, "sampling": "linear"}}, {"class_name": "Float", "config": {"name": "dropout_2", "default": 0.1, "conditions": [], "min_value": 0.1, "max_value": 0.5, "step": 0.1, "sampling": "linear"}}, {"class_name": "Float", "config": {"name": "dropout_3", "default": 0.1, "conditions": [], "min_value": 0.1, "max_value": 0.5, "step": 0.1, "sampling": "linear"}}, {"class_name": "Choice", "config": {"name": "optimizer", "default": "adam", "conditions": [], "values": ["adam", "rmsprop"], "ordered": false}}], "values": {"units": 20, "dropout_1": 0.1, "dropout_2": 0.1, "dropout_3": 0.1, "optimizer": "adam"}}, "start_order": ["00", "01", "02", "03", "04", "05", "06", "07", "08", "09"], "end_order": ["00", "01", "02", "03", "04", "05", "06", "07", "08", "09"], "run_times": {"00": 1, "01": 1, "02": 1, "03": 1, "04": 1, "05": 1, "06": 1, "07": 1, "08": 1, "09": 1}, "retry_queue": [], "seed": 2505, "seed_state": 2555, "tried_so_far": ["cb82796f0434c63e50fe75bc8dadba99", "baedd07bb66c20efd3a6a0a035c8954b", "dbd11c50413c7d4ea130eb32f73fafca", "a1fab398727b587991fb6c411e01c9f0", "9516cb3d829d41891e1c3cca4f834122", "98bf3fb4812659f3c65620a7d23477b1", "9ab7ab0172053d2587180211523362d8", "1695047d5b3ed2335770b1be0eab311e", "b4584a2c4beff1b371094fadfc022c6f", "d93df729691a4e7bf274377d0b61c096"], "id_to_hash": {"00": "cb82796f0434c63e50fe75bc8dadba99", "01": "baedd07bb66c20efd3a6a0a035c8954b", "02": "a1fab398727b587991fb6c411e01c9f0", "03": "1695047d5b3ed2335770b1be0eab311e", "04": "9516cb3d829d41891e1c3cca4f834122", "05": "d93df729691a4e7bf274377d0b61c096", "06": "9ab7ab0172053d2587180211523362d8", "07": "b4584a2c4beff1b371094fadfc022c6f", "08": "dbd11c50413c7d4ea130eb32f73fafca", "09": "98bf3fb4812659f3c65620a7d23477b1"}, "display": {"search_start": "2024-04-14T17:46:49.411097", "trial_start": {"00": "2024-04-14T17:46:49.411097", "01": "2024-04-14T17:49:25.278974", "02": "2024-04-14T17:51:00.600470", "03": "2024-04-14T17:52:47.829327", "04": "2024-04-14T17:54:27.075219", "05": "2024-04-14T17:55:13.439906", "06": "2024-04-14T17:56:46.727763", "07": "2024-04-14T17:59:22.092587", "08": "2024-04-14T18:01:45.405433", "09": "2024-04-14T18:04:10.455557"}, "trial_number": {"00": 1, "01": 2, "02": 3, "03": 4, "04": 5, "05": 6, "06": 7, "07": 8, "08": 9, "09": 10}}}