{"trial_id": "05", "hyperparameters": {"space": [{"class_name": "Int", "config": {"name": "units", "default": null, "conditions": [], "min_value": 20, "max_value": 200, "step": 10, "sampling": "linear"}}, {"class_name": "Float", "config": {"name": "dropout_1", "default": 0.1, "conditions": [], "min_value": 0.1, "max_value": 0.5, "step": 0.1, "sampling": "linear"}}, {"class_name": "Float", "config": {"name": "dropout_2", "default": 0.1, "conditions": [], "min_value": 0.1, "max_value": 0.5, "step": 0.1, "sampling": "linear"}}, {"class_name": "Float", "config": {"name": "dropout_3", "default": 0.1, "conditions": [], "min_value": 0.1, "max_value": 0.5, "step": 0.1, "sampling": "linear"}}, {"class_name": "Choice", "config": {"name": "optimizer", "default": "adam", "conditions": [], "values": ["adam", "rmsprop"], "ordered": false}}], "values": {"units": 110, "dropout_1": 0.4, "dropout_2": 0.2, "dropout_3": 0.4, "optimizer": "rmsprop"}}, "metrics": {"metrics": {"loss": {"direction": "min", "observations": [{"value": [0.09521742165088654], "step": 6}]}, "val_loss": {"direction": "min", "observations": [{"value": [0.08109016716480255], "step": 6}]}}}, "score": 0.08109016716480255, "best_step": 6, "status": "COMPLETED", "message": null}